{"oraciones":{"mappings":{"properties":{"book":{"type":"keyword"},"number":{"type":"integer"},"sentence":{"type":"text"},"word":{"properties":{"lemma":{"type":"text","fields":{"keyword":{"type":"keyword","ignore_above":256}}},"pos":{"type":"text","fields":{"keyword":{"type":"keyword","ignore_above":256}}},"word":{"type":"text","fields":{"keyword":{"type":"keyword","ignore_above":256}}}}},"words":{"type":"nested","properties":{"lemma":{"type":"text"},"pos":{"type":"integer"},"word":{"type":"text"}}}}}}}
